<?xml version="1.0" encoding="utf-8"?>
<modification>
  <name><![CDATA[Redirect to the same page after login]]></name>
  <code><![CDATA[redirect-to-the-same-page-after-login]]></code>
	<version><![CDATA[1.0]]></version>
	<author><![CDATA[REDS PRAI]]></author>
	<link><![CDATA[https://www.agenciaprai.com/]]></link>
	<information>https://stackoverflow.com/questions/22507279/opencart-redirect-same-page-after-login</information>
		
	<file path="catalog/controller/account/login.php">
		<operation>
			<search index="0"><![CDATA[
			if ($this->customer->isLogged()) {
			]]></search>
			<add position="replace" offset="2"><![CDATA[
			// Redirect to the same page after login
			if ($this->customer->isLogged()) {
				$this->response->redirect($this->url->link('account/account', '', 'true'));
			}elseif(!isset($this->session->data['redirect']) && isset($_SERVER['HTTP_REFERER'])){
				$this->session->data['redirect'] = $_SERVER['HTTP_REFERER'];
			}
			]]></add>
		</operation>
	</file>
</modification>